<templateConfig>
	<language>PHP</language>
	<name>Forms Example</name>
	<description>The PHP Forms Example Project. It demonstrates source code generation for PHP.</description>
	<replaceInFiles>
		<filename>__GENESEZ.PROJECTNAME__.generator/.project</filename>
		<filename>__GENESEZ.PROJECTNAME__.generator/build.xml</filename>
		<filename>__GENESEZ.PROJECTNAME__.generator/META-INF/MANIFEST.MF</filename>
		<filename>__GENESEZ.PROJECTNAME__.generator/config/transformation.mwe</filename>
		<filename>__GENESEZ.PROJECTNAME__/.project</filename>
		<filename>__GENESEZ.PROJECTNAME__/build.xml</filename>
	</replaceInFiles>
</templateConfig>