<templateConfig>
	<language>Java</language>
	<name>Empty Project</name>
	<description>A empty project with no classes. For your work from the scratch.</description>
	<replaceInFiles>
		<filename>__GENESEZ.PROJECTNAME__.generator/.project</filename>
		<filename>__GENESEZ.PROJECTNAME__.generator/META-INF/MANIFEST.MF</filename>
		<filename>__GENESEZ.PROJECTNAME__.generator/config/transformation.mwe</filename>
		<filename>__GENESEZ.PROJECTNAME__.generator/model-exp/__GENESEZ.PROJECTNAME__.uml</filename>
		<filename>__GENESEZ.PROJECTNAME__/.project</filename>
	</replaceInFiles>
</templateConfig>