<templateConfig>
	<language>Typo3</language>
	<name>Blog Example</name>
	<description>The Typo3 GeneSEZ blog example project. It demonstrates typo3 extension development.</description>
	<replaceInFiles>
		<filename>__GENESEZ.PROJECTNAME__/.project</filename>
		<filename>__GENESEZ.PROJECTNAME__.generator/.project</filename>
		<filename>__GENESEZ.PROJECTNAME__.generator/META-INF/MANIFEST.MF</filename>
		<filename>__GENESEZ.PROJECTNAME__.generator/workflow/run.mwe</filename>
		<filename>__GENESEZ.PROJECTNAME__.generator/workflow/runStatistics.mwe</filename>
	</replaceInFiles>
</templateConfig>