<T3DataStructure>
	<sheets>
		<sDEF>
			<ROOT>
				<TCEforms>
					<sheetTitle>LLL:EXT:gsz_blog_example/Resources/Private/Language/locallang_ff_bloglist.xml:sDEF</sheetTitle>
				</TCEforms>
				<type>array</type>
				<el>
					<settings.posts_per_page>
						<TCEforms>
							<label>LLL:EXT:gsz_blog_example/Resources/Private/Language/locallang_ff_bloglist.xml:posts_per_page</label>
							<config>
								<type>input</type>
								<size>2</size>
								<eval>int</eval>
								<default>3</default>
								<!-- PROTECTED REGION ID(flexform.xml.own.option.config.code.implementation._17_0_2_8a7027a_1315073486092_462354_2359) ENABLED START -->
								<!-- PROTECTED REGION END -->
							</config>
						</TCEforms>
					</settings.posts_per_page>
					<!-- PROTECTED REGION ID(flexform.xml.own.option.code.implementation.sDEF._17_0_1_8a7027a_1304511829025_371837_1997) ENABLED START -->
					<!-- PROTECTED REGION END -->
				</el>
			</ROOT>
		</sDEF>
		<!-- PROTECTED REGION ID(flexform.xml.own.code.implementation._17_0_1_8a7027a_1304511829025_371837_1997) ENABLED START -->
		<!-- PROTECTED REGION END -->
	</sheets>
</T3DataStructure>
