<?xml version="1.0" encoding="UTF-8" ?>
<!--
	example for a project specific typemapping
	
	@author	Nico Herbig
	@date	2008-11-27
 -->
<tns:typeMapping xmlns:tns="http://www.genesez.org/typemapping"
		xmlns:xsi="http://www.w3.org/2001/XMLSchema-instance">
	<tns:include>
		<tns:file>org/genesez/platform/typo3v4/mvc/typemapping/typemapping.xml</tns:file>
	</tns:include>
	<tns:externalTypes>
		<!-- we used the type 'DateType' and declared it as 'external' within the uml model -->
		<tns:type from="DateType">
			<!-- default mapping should return the type name -->
			<tns:to>DateTime</tns:to>
			<tns:context name="PHPTypeHint">DateTime</tns:context>
			<tns:context name="SQLColumnDefinition">int(11) DEFAULT '0' NOT NULL</tns:context>
			<tns:context name="TYPO3TCx">DateTime</tns:context>
		</tns:type>
		<!-- we used the type 'ImageType' and declared it as 'external' within the uml model -->
		<tns:type from="ImageType">
			<!-- default mapping should return the type name -->
			<tns:to>string</tns:to>
			<tns:context name="PHPTypeHint"></tns:context>
			<tns:context name="SQLColumnDefinition">tinyblob NOT NULL</tns:context>
			<tns:context name="TYPO3TCx">Image</tns:context>
		</tns:type>
		<!-- we used the type 'IntegerType' and declared it as 'external' within the uml model -->
		<tns:type from="IntegerType">
			<!-- default mapping should return the type name -->
			<tns:to>integer</tns:to>
			<tns:context name="PHPTypeHint"></tns:context>
			<tns:context name="SQLColumnDefinition">int(11) DEFAULT '0' NOT NULL</tns:context>
			<tns:context name="TYPO3TCx">Integer</tns:context>
		</tns:type>
		<!-- we used the type 'StringType' and declared it as 'external' within the uml model -->
		<tns:type from="StringType">
			<!-- default mapping should return the type name -->
			<tns:to>string</tns:to>
			<tns:context name="PHPTypeHint"></tns:context>
			<tns:context name="SQLColumnDefinition">varchar(255) DEFAULT '' NOT NULL</tns:context>
			<tns:context name="TYPO3TCx">String</tns:context>
		</tns:type>
		<!-- we used the type 'TextType' and declared it as 'external' within the uml model -->
		<tns:type from="TextType">
			<!-- default mapping should return the type name -->
			<tns:to>string</tns:to>
			<tns:context name="PHPTypeHint"></tns:context>
			<tns:context name="SQLColumnDefinition">text NOT NULL</tns:context>
			<tns:context name="TYPO3TCx">Text</tns:context>
		</tns:type>

		<!-- we used the type 'ObjectManager' and declared it as 'external' within the uml model -->
		<tns:type from="ObjectManager">
			<!-- default mapping should return the type name -->
			<tns:to>Tx_Extbase_Object_ObjectManagerInterface</tns:to>
		</tns:type>
	</tns:externalTypes>
</tns:typeMapping>
