<templateConfig>
	<language>Java</language>
	<name>Bank Tutorial Example</name>
	<description>The Java bank tutorial example project. It demonstrates source code generation for Java with JPA and EJB.</description>
	<replaceInFiles>
		<filename>__GENESEZ.PROJECTNAME__/.project</filename>
		<filename>__GENESEZ.PROJECTNAME__.generator/.project</filename>
		<filename>__GENESEZ.PROJECTNAME__.generator/META-INF/MANIFEST.MF</filename>
		<filename>__GENESEZ.PROJECTNAME__.generator/config/transformation.mwe</filename>
		<filename>__GENESEZ.PROJECTNAME__.generator/config/statistics.mwe</filename>
	</replaceInFiles>
</templateConfig>