<templateConfig>
	<language>Java</language>
	<name>Empty Project</name>
	<description>An empty project. For your work from the scratch but it provides the recommended project structure and a default transformation chain.</description>
	<replaceInFiles>
		<filename>__GENESEZ.PROJECTNAME__/.project</filename>
		<filename>__GENESEZ.PROJECTNAME__/build.xml</filename>
		<filename>__GENESEZ.PROJECTNAME__.generator/.project</filename>
		<filename>__GENESEZ.PROJECTNAME__.generator/META-INF/MANIFEST.MF</filename>
		<filename>__GENESEZ.PROJECTNAME__.generator/config/transformation.mwe</filename>
	</replaceInFiles>
</templateConfig>