<?xml version="1.0" encoding="UTF-8" ?>
<!--
	example for a project specific typemapping
	
	@author	tobias haubold
	@author	peter huster (last)
	@date	2008-11-27
 -->
<tns:typeMapping xmlns:tns="http://www.genesez.org/typemapping"
		xmlns:xsi="http://www.w3.org/2001/XMLSchema-instance">
	<tns:include>
		<tns:file>org/genesez/platform/java/typemapping/typemapping.xml</tns:file>
	</tns:include>
	<tns:externalTypes>
		<!-- we used the type 'Color' and declared it as 'external' within the uml model -->
		<tns:type from="Color">
			<!-- default mapping should return the type name -->
			<tns:to>Color</tns:to>
			<!-- used to generate imports -->
			<tns:context name="Import">java.awt.Color</tns:context>
		</tns:type>
		<tns:type from="BigDecimal">
			<!-- default mapping should return the type name -->
			<tns:to>BigDecimal</tns:to>
			<!-- used to generate imports -->
			<tns:context name="Import">java.math.BigDecimal</tns:context>
		</tns:type>
		<!-- String + Integer are primitives in Java, so suppress generation of import statements -->
		<tns:type from="String">
			<!-- default mapping should return the type name -->
			<tns:to>String</tns:to>
		</tns:type>
		<tns:type from="Integer">
			<!-- default mapping should return the type name -->
			<tns:to>int</tns:to>
			<tns:context name="Wrapper">Integer</tns:context>
		</tns:type>
	</tns:externalTypes>
</tns:typeMapping>
