<?xml version="1.0" encoding="UTF-8" ?>
<!--
	bank tutorial specific typemapping
	
	@author	andre pflueger
	@date	2010-04-13
 -->
<tns:typeMapping xmlns:tns="http://www.genesez.org/typemapping"
		xmlns:xsi="http://www.w3.org/2001/XMLSchema-instance">
	<tns:include>
		<tns:file>org/genesez/platform/java/typemapping/typemapping.xml</tns:file>
	</tns:include>
	<tns:externalTypes>
		<!-- we used the type 'Money' and declared it as 'external' within the uml model -->
		<tns:type from="Money">
			<!-- default mapping should return the type name -->
			<tns:to>BigDecimal</tns:to>
			<!-- used to generate imports -->
			<tns:context name="Import">java.math.BigDecimal</tns:context>
		</tns:type>
		<tns:type from="Serializable">
			<tns:to>Serializable</tns:to>
			<tns:context name="Import">java.io.Serializable</tns:context>
		</tns:type>
		<tns:type from="RuntimeException">
			<tns:to>RuntimeException</tns:to>
		</tns:type>
		<tns:type from="EntityManager">
			<tns:to>EntityManager</tns:to>
			<tns:context name="Import">javax.persistence.EntityManager</tns:context>
		</tns:type>
		<tns:type from="Timer">
			<tns:to>Timer</tns:to>
			<tns:context name="Import">javax.ejb.Timer</tns:context>
		</tns:type>
		<tns:type from="TimerService">
			<tns:to>TimerService</tns:to>
			<tns:context name="Import">javax.ejb.TimerService</tns:context>
		</tns:type>
		<tns:type from="InvocationContext">
			<tns:to>InvocationContext</tns:to>
			<tns:context name="Import">javax.interceptor.InvocationContext</tns:context>
		</tns:type>
		<tns:type from="Object">
			<tns:to>Object</tns:to>
		</tns:type>
	</tns:externalTypes>
</tns:typeMapping>