<templateConfig>
	<language>Java</language>
	<name>Forms Example</name>
	<description>The Java forms example project. It demonstrates source code generation for Java.</description>
	<replaceInFiles>
		<filename>__GENESEZ.PROJECTNAME__/.project</filename>
		<filename>__GENESEZ.PROJECTNAME__/build.xml</filename>
		<filename>__GENESEZ.PROJECTNAME__.generator/.project</filename>
		<filename>__GENESEZ.PROJECTNAME__.generator/META-INF/MANIFEST.MF</filename>
		<filename>__GENESEZ.PROJECTNAME__.generator/config/transformation.mwe</filename>
	</replaceInFiles>
</templateConfig>