<templateConfig>
	<language>Java</language>
	<name>Requirements Traceability Example</name>
	<description>The Java forms example project with requirements traceability information. It demonstrates the use of requirements traceability information.</description>
	<replaceInFiles>
		<filename>__GENESEZ.PROJECTNAME__/.project</filename>
		<filename>__GENESEZ.PROJECTNAME__/build.xml</filename>
		<filename>__GENESEZ.PROJECTNAME__.generator/.project</filename>
		<filename>__GENESEZ.PROJECTNAME__.generator/META-INF/MANIFEST.MF</filename>
		<filename>__GENESEZ.PROJECTNAME__.generator/config/Dashboard.mwe</filename>
		<filename>__GENESEZ.PROJECTNAME__.generator/config/RequirementsTraceabilityAnnotation.mwe</filename>
		<filename>__GENESEZ.PROJECTNAME__.generator/config/RequirementsTraceabilityDocComment.mwe</filename>
	</replaceInFiles>
</templateConfig>