<templateConfig>
	<language>Java</language>
	<name>JEE Bank Tutorial Example</name>
	<description>A JEE project which is intended for simulating a banks, accounts and customers.</description>
	<replaceInFiles>
		<filename>__GENESEZ.PROJECTNAME__.generator/.project</filename>
		<filename>__GENESEZ.PROJECTNAME__.generator/META-INF/MANIFEST.MF</filename>
		<filename>__GENESEZ.PROJECTNAME__.generator/config/transformation.mwe</filename>
		<filename>__GENESEZ.PROJECTNAME__.generator/model-exp/__GENESEZ.PROJECTNAME__.uml</filename>
		<filename>__GENESEZ.PROJECTNAME__/.project</filename>
	</replaceInFiles>
</templateConfig>