<?xml version="1.0" encoding="UTF-8" ?>
<!--
	example for a project specific typemapping
	
	@author	tobias haubold
	@date	2009-08-05
 -->
<tns:typeMapping xmlns:tns="http://www.genesez.org/typemapping"
		xmlns:xsi="http://www.w3.org/2001/XMLSchema-instance">
	<tns:include>
		<tns:file>org/genesez/platform/java/typemapping/typemapping.xml</tns:file>
	</tns:include>
	<tns:externalTypes>
		<!-- mapping of our domain types to technical types -->
		<tns:type from="Coordinate">
			<tns:to>double</tns:to>
			<tns:context name="Wrapper">Double</tns:context>
		</tns:type>
		<tns:type from="Angle">
			<tns:to>double</tns:to>
			<tns:context name="Wrapper">Double</tns:context>
		</tns:type>
		<tns:type from="Distance">
			<tns:to>double</tns:to>
			<tns:context name="Wrapper">Double</tns:context>
		</tns:type>
		
		<!-- we used the type 'Color' and declared it as 'external' within the uml model -->
		<tns:type from="Color">
			<!-- default mapping should return the type name -->
			<tns:to>Color</tns:to>
			<!-- used to generate imports -->
			<tns:context name="Import">java.awt.Color</tns:context>
		</tns:type>
	</tns:externalTypes>
</tns:typeMapping>
